{
    "-1": 6.23187458711257,
    "-2": 7.315754427799044,
    "delete": 7.829380104407734,
    "10": 7.572471195493046,
    "d": 6.098373459413337,
    "e": 7.316271618377019,
    "f": 6.629014080316624,
    "g": 6.824846482923541,
    "h": 6.174518141744853,
    "i": 7.083593862854741,
    "j": 8.120979627446474,
    "k": 6.607664445433768,
    "l": 6.5064291906304845,
    "m": 7.907172583821084,
    "n": 6.825850933958033,
    "o": 6.739281557190807,
    "p": 9.311845068374742,
    "q": 9.183620289091548,
    "r": 7.658678395480718,
    "s": 5.787575640187736,
    "t": 6.978713518213894,
    "u": 7.7172239190029455,
    "v": 6.787345515612888,
    "w": 7.403376812202563,
    "x": 11.526364523975934,
    "y": 6.564427133548546,
    "z": 7.454525663382327,
    " ": 7.314481318540209,
    "34": 4.872442490966,
    "39": 6.4293589761735825,
    "44": 7.407802057272499,
    "46": 7.336056737512442,
    "47": 9.0930995257882,
    "48": 5.514418541509593,
    "49": 7.588820463610085,
    "50": 8.305540611031951,
    "54": 6.803828524314392,
    "55": 3.1095206362016,
    "57": 14.85343998859,
    "63": 6.4131070311259055,
    "a": 5.736093159605268,
    "b": 5.91123385639971,
    "c": 6.389778038538653
}